{"cameraMode":{"drawMode":0,"name":"Shaded","section":"Shading Mode"},"sceneLighting":false,"audioPlay":false,"sceneViewState":{"showFog":true,"showMaterialUpdate":false,"showSkybox":false,"showFlares":true,"showImageEffects":true,"showParticleSystems":true},"in2DMode":false,"pivot":{"x":0.052734375,"y":1.0233154296875,"z":2.36767578125},"rotation":{"x":-0.00030966062331572175,"y":-0.0009027303312905133,"z":4.2242530184921636e-7,"w":-1.0000008344650269},"size":2.7710373401641847,"orthographic":true}