{"cameraMode":{"drawMode":0,"name":"Shaded","section":"Shading Mode"},"sceneLighting":false,"audioPlay":false,"sceneViewState":{"showFog":true,"showMaterialUpdate":false,"showSkybox":false,"showFlares":true,"showImageEffects":true,"showParticleSystems":true},"in2DMode":false,"pivot":{"x":0.0988306775689125,"y":0.657659113407135,"z":15.411036491394043},"rotation":{"x":-0.0044990708120167259,"y":-0.01919356919825077,"z":0.000088287350081373,"w":-0.999811053276062},"size":15.68207836151123,"orthographic":false}